recommendationid,steamid,review,timestamp_created,timestamp_updated,voted_up,weighted_vote_score,playtime_forever,playtime_at_review,last_played,raw_json
3903291,76561198028826898,The greatest Batman game of all time?,1354766024,1505523182,1,0.5,4321,4465,1383782651,"{""recommendationid"": ""3903291"", ""author"": {""steamid"": ""76561198028826898"", ""num_games_owned"": 422, ""num_reviews"": 40, ""playtime_forever"": 4321, ""playtime_last_two_weeks"": 0, ""playtime_at_review"": 4465, ""last_played"": 1383782651}, ""language"": ""english"", ""review"": ""The greatest Batman game of all time?"", ""timestamp_created"": 1354766024, ""timestamp_updated"": 1505523182, ""voted_up"": true, ""votes_up"": 0, ""votes_funny"": 0, ""weighted_vote_score"": 0.5, ""comment_count"": 0, ""steam_purchase"": true, ""received_for_free"": false, ""written_during_early_access"": false, ""primarily_steam_deck"": false}"
6690164,76561198072495608,Great game!!! just no words for it just play it....,1354728769,1354728769,1,0.5,496,321,1651700497,"{""recommendationid"": ""6690164"", ""author"": {""steamid"": ""76561198072495608"", ""num_games_owned"": 0, ""num_reviews"": 1, ""playtime_forever"": 496, ""playtime_last_two_weeks"": 0, ""playtime_at_review"": 321, ""last_played"": 1651700497}, ""language"": ""english"", ""review"": ""Great game!!! just no words for it just play it...."", ""timestamp_created"": 1354728769, ""timestamp_updated"": 1354728769, ""voted_up"": true, ""votes_up"": 0, ""votes_funny"": 0, ""weighted_vote_score"": 0.5, ""comment_count"": 0, ""steam_purchase"": true, ""received_for_free"": false, ""written_during_early_access"": false, ""primarily_steam_deck"": false}"
3770901,76561198027184808,"This game SUCKS!

The graphics are terribad, everything is grey, should just call it GREYMAN because EVERYTHING in the game is the same color.

Controls are horrible, batman never does what you want and everything moves so fast, if you blink you get hit or mess up and need to start whatever it was all over.

Rating:  5/10  Value:  $9.99",1354702819,1385993511,0,0.23081253468990326,4361,4359,1575561573,"{""recommendationid"": ""3770901"", ""author"": {""steamid"": ""76561198027184808"", ""num_games_owned"": 8545, ""num_reviews"": 255, ""playtime_forever"": 4361, ""playtime_last_two_weeks"": 0, ""playtime_at_review"": 4359, ""last_played"": 1575561573}, ""language"": ""english"", ""review"": ""This game SUCKS!\n\nThe graphics are terribad, everything is grey, should just call it GREYMAN because EVERYTHING in the game is the same color.\n\nControls are horrible, batman never does what you want and everything moves so fast, if you blink you get hit or mess up and need to start whatever it was all over.\n\nRating:  5/10  Value:  $9.99"", ""timestamp_created"": 1354702819, ""timestamp_updated"": 1385993511, ""voted_up"": false, ""votes_up"": 2, ""votes_funny"": 1, ""weighted_vote_score"": ""0.230812534689903259"", ""comment_count"": 1, ""steam_purchase"": false, ""received_for_free"": false, ""written_during_early_access"": false, ""primarily_steam_deck"": false}"
1339008,76561197991693224,"In my personal opinion, one of the best games I've play of recent. Batman-esque story, great voice acting, and you can't go wrong with the FreeFlow combat. Easily a 30+ hour game if you try to do everything (the DLC, Riddler's Revenge, side missions, etc.)",1354663532,1354663532,1,0.5,2303,2203,1601865874,"{""recommendationid"": ""1339008"", ""author"": {""steamid"": ""76561197991693224"", ""num_games_owned"": 1552, ""num_reviews"": 42, ""playtime_forever"": 2303, ""playtime_last_two_weeks"": 0, ""playtime_at_review"": 2203, ""last_played"": 1601865874}, ""language"": ""english"", ""review"": ""In my personal opinion, one of the best games I've play of recent. Batman-esque story, great voice acting, and you can't go wrong with the FreeFlow combat. Easily a 30+ hour game if you try to do everything (the DLC, Riddler's Revenge, side missions, etc.)"", ""timestamp_created"": 1354663532, ""timestamp_updated"": 1354663532, ""voted_up"": true, ""votes_up"": 0, ""votes_funny"": 0, ""weighted_vote_score"": 0.5, ""comment_count"": 0, ""steam_purchase"": true, ""received_for_free"": false, ""written_during_early_access"": false, ""primarily_steam_deck"": false}"
679925,76561197975242963,"Ğ¡Ğ¿Ğ°ÑĞ¸Ğ±Ğ¾, ĞšĞ¾Ğ½Ñ‡Ğ¸Ğ» \Ğ¾",1354644957,1354644957,1,0.5,2970,361,1532517691,"{""recommendationid"": ""679925"", ""author"": {""steamid"": ""76561197975242963"", ""num_games_owned"": 1725, ""num_reviews"": 168, ""playtime_forever"": 2970, ""playtime_last_two_weeks"": 0, ""playtime_at_review"": 361, ""last_played"": 1532517691}, ""language"": ""english"", ""review"": ""Ğ¡Ğ¿Ğ°ÑĞ¸Ğ±Ğ¾, ĞšĞ¾Ğ½Ñ‡Ğ¸Ğ» \\Ğ¾"", ""timestamp_created"": 1354644957, ""timestamp_updated"": 1354644957, ""voted_up"": true, ""votes_up"": 0, ""votes_funny"": 0, ""weighted_vote_score"": 0.5, ""comment_count"": 0, ""steam_purchase"": false, ""received_for_free"": false, ""written_during_early_access"": false, ""primarily_steam_deck"": false}"
5237842,76561198046809598,100/10,1354591622,1545634249,1,0.5,4973,4689,1748746933,"{""recommendationid"": ""5237842"", ""author"": {""steamid"": ""76561198046809598"", ""num_games_owned"": 114, ""num_reviews"": 3, ""playtime_forever"": 4973, ""playtime_last_two_weeks"": 0, ""playtime_at_review"": 4689, ""last_played"": 1748746933}, ""language"": ""english"", ""review"": ""100/10"", ""timestamp_created"": 1354591622, ""timestamp_updated"": 1545634249, ""voted_up"": true, ""votes_up"": 0, ""votes_funny"": 0, ""weighted_vote_score"": 0.5, ""comment_count"": 0, ""steam_purchase"": true, ""received_for_free"": false, ""written_during_early_access"": false, ""primarily_steam_deck"": false}"
5157417,76561198045745773,"Meu o jogo e muito bom mesmo graficos otimos som bem colocado no jogo mais, a historia e curta, fica legal se o jogado fizer as missoes secundarias do jogo eu recomendos",1354535244,1354535244,1,0.5,3652,3385,1548377464,"{""recommendationid"": ""5157417"", ""author"": {""steamid"": ""76561198045745773"", ""num_games_owned"": 0, ""num_reviews"": 9, ""playtime_forever"": 3652, ""playtime_last_two_weeks"": 0, ""playtime_at_review"": 3385, ""last_played"": 1548377464}, ""language"": ""english"", ""review"": ""Meu o jogo e muito bom mesmo graficos otimos som bem colocado no jogo mais, a historia e curta, fica legal se o jogado fizer as missoes secundarias do jogo eu recomendos"", ""timestamp_created"": 1354535244, ""timestamp_updated"": 1354535244, ""voted_up"": true, ""votes_up"": 0, ""votes_funny"": 0, ""weighted_vote_score"": 0.5, ""comment_count"": 0, ""steam_purchase"": true, ""received_for_free"": false, ""written_during_early_access"": false, ""primarily_steam_deck"": false}"
6697809,76561198072695004,"Ğ§ĞµÑ‚ĞºĞ°Ñ Ğ¸Ğ³Ñ€ÑƒĞ»Ñ, ĞºĞ°Ğ´Ğ° Ğ¸Ğ½ĞµÑ‚Ğ° Ğ½ĞµÑ‚",1354490906,1354490906,1,0.5,1613,1412,1509171461,"{""recommendationid"": ""6697809"", ""author"": {""steamid"": ""76561198072695004"", ""num_games_owned"": 229, ""num_reviews"": 14, ""playtime_forever"": 1613, ""playtime_last_two_weeks"": 0, ""playtime_at_review"": 1412, ""last_played"": 1509171461}, ""language"": ""english"", ""review"": ""Ğ§ĞµÑ‚ĞºĞ°Ñ Ğ¸Ğ³Ñ€ÑƒĞ»Ñ, ĞºĞ°Ğ´Ğ° Ğ¸Ğ½ĞµÑ‚Ğ° Ğ½ĞµÑ‚"", ""timestamp_created"": 1354490906, ""timestamp_updated"": 1354490906, ""voted_up"": true, ""votes_up"": 0, ""votes_funny"": 0, ""weighted_vote_score"": 0.5, ""comment_count"": 0, ""steam_purchase"": true, ""received_for_free"": false, ""written_during_early_access"": false, ""primarily_steam_deck"": false}"
6612570,76561198070471557,"If you want an open world action game with a fantastic story and plenty to keep you playing long after the story then this is for you. Great combat system, great story, all the characters you want to see and it is better than the first installment! Need I say more?",1354487356,1354487356,1,0.5,1213,388,1537058844,"{""recommendationid"": ""6612570"", ""author"": {""steamid"": ""76561198070471557"", ""num_games_owned"": 261, ""num_reviews"": 5, ""playtime_forever"": 1213, ""playtime_last_two_weeks"": 0, ""playtime_at_review"": 388, ""last_played"": 1537058844}, ""language"": ""english"", ""review"": ""If you want an open world action game with a fantastic story and plenty to keep you playing long after the story then this is for you. Great combat system, great story, all the characters you want to see and it is better than the first installment! Need I say more?"", ""timestamp_created"": 1354487356, ""timestamp_updated"": 1354487356, ""voted_up"": true, ""votes_up"": 0, ""votes_funny"": 0, ""weighted_vote_score"": 0.5, ""comment_count"": 0, ""steam_purchase"": true, ""received_for_free"": false, ""written_during_early_access"": false, ""primarily_steam_deck"": false}"
6837677,76561198076779739,jogaÃ§o....Melhor do gÃªnero sem dÃºvidas!!!,1354412836,1354412836,1,0.5,91,90,1558834280,"{""recommendationid"": ""6837677"", ""author"": {""steamid"": ""76561198076779739"", ""num_games_owned"": 158, ""num_reviews"": 9, ""playtime_forever"": 91, ""playtime_last_two_weeks"": 0, ""playtime_at_review"": 90, ""last_played"": 1558834280}, ""language"": ""english"", ""review"": ""jogaÃ§o....Melhor do gÃªnero sem dÃºvidas!!!"", ""timestamp_created"": 1354412836, ""timestamp_updated"": 1354412836, ""voted_up"": true, ""votes_up"": 0, ""votes_funny"": 0, ""weighted_vote_score"": 0.5, ""comment_count"": 0, ""steam_purchase"": true, ""received_for_free"": false, ""written_during_early_access"": false, ""primarily_steam_deck"": false}"
4911345,76561198043203242,Catwoman is very sexy ;) <3,1354391633,1388461669,1,0.5,238,238,1354521600,"{""recommendationid"": ""4911345"", ""author"": {""steamid"": ""76561198043203242"", ""num_games_owned"": 645, ""num_reviews"": 8, ""playtime_forever"": 238, ""playtime_last_two_weeks"": 0, ""playtime_at_review"": 238, ""last_played"": 1354521600}, ""language"": ""english"", ""review"": ""Catwoman is very sexy ;) <3"", ""timestamp_created"": 1354391633, ""timestamp_updated"": 1388461669, ""voted_up"": true, ""votes_up"": 0, ""votes_funny"": 0, ""weighted_vote_score"": 0.5, ""comment_count"": 0, ""steam_purchase"": true, ""received_for_free"": false, ""written_during_early_access"": false, ""primarily_steam_deck"": false}"
4115426,76561198032305083,"This edition contains all the epicness from the original title, as well as all DLCs (Catwoman/NightWing/Robin), all skin packs, and the final chapter of the series : Quinn's Revenge. I was also expecting a free copy of Batman Year One movie but later got to know it was not for PC  :(",1354279534,1354279534,1,0.5,3049,1714,1480568576,"{""recommendationid"": ""4115426"", ""author"": {""steamid"": ""76561198032305083"", ""num_games_owned"": 0, ""num_reviews"": 2, ""playtime_forever"": 3049, ""playtime_last_two_weeks"": 0, ""playtime_at_review"": 1714, ""last_played"": 1480568576}, ""language"": ""english"", ""review"": ""This edition contains all the epicness from the original title, as well as all DLCs (Catwoman/NightWing/Robin), all skin packs, and the final chapter of the series : Quinn's Revenge. I was also expecting a free copy of Batman Year One movie but later got to know it was not for PC  :("", ""timestamp_created"": 1354279534, ""timestamp_updated"": 1354279534, ""voted_up"": true, ""votes_up"": 0, ""votes_funny"": 0, ""weighted_vote_score"": 0.5, ""comment_count"": 0, ""steam_purchase"": true, ""received_for_free"": false, ""written_during_early_access"": false, ""primarily_steam_deck"": false}"
2019852,76561198001035459,Amazing Sequel to an already amazing game. Beware of Games for Windows Live though!,1354267596,1354267596,1,0.5,1254,1179,1403549203,"{""recommendationid"": ""2019852"", ""author"": {""steamid"": ""76561198001035459"", ""num_games_owned"": 443, ""num_reviews"": 5, ""playtime_forever"": 1254, ""playtime_last_two_weeks"": 0, ""playtime_at_review"": 1179, ""last_played"": 1403549203}, ""language"": ""english"", ""review"": ""Amazing Sequel to an already amazing game. Beware of Games for Windows Live though!"", ""timestamp_created"": 1354267596, ""timestamp_updated"": 1354267596, ""voted_up"": true, ""votes_up"": 0, ""votes_funny"": 0, ""weighted_vote_score"": 0.5, ""comment_count"": 0, ""steam_purchase"": true, ""received_for_free"": false, ""written_during_early_access"": false, ""primarily_steam_deck"": false}"
6757811,76561198074327841,DO NOT INSTALL THIS GAME. It force installs Peer to Peer (P2P) software and Microsoft Live junk software on your system. The P2P software is a magnet for viruses and spyware. NOT WORTH THE RISK or MONEY!!,1354266448,1401673089,0,0.4168637692928314,131,131,1354262400,"{""recommendationid"": ""6757811"", ""author"": {""steamid"": ""76561198074327841"", ""num_games_owned"": 0, ""num_reviews"": 39, ""playtime_forever"": 131, ""playtime_last_two_weeks"": 0, ""playtime_at_review"": 131, ""last_played"": 1354262400}, ""language"": ""english"", ""review"": ""DO NOT INSTALL THIS GAME. It force installs Peer to Peer (P2P) software and Microsoft Live junk software on your system. The P2P software is a magnet for viruses and spyware. NOT WORTH THE RISK or MONEY!!"", ""timestamp_created"": 1354266448, ""timestamp_updated"": 1401673089, ""voted_up"": false, ""votes_up"": 1, ""votes_funny"": 0, ""weighted_vote_score"": ""0.416863769292831421"", ""comment_count"": 0, ""steam_purchase"": true, ""received_for_free"": false, ""written_during_early_access"": false, ""primarily_steam_deck"": false}"
4016878,76561198030763165,I'm Batman!,1354248505,1354248505,1,0.5,48,48,1361174400,"{""recommendationid"": ""4016878"", ""author"": {""steamid"": ""76561198030763165"", ""num_games_owned"": 1804, ""num_reviews"": 6, ""playtime_forever"": 48, ""playtime_last_two_weeks"": 0, ""playtime_at_review"": 48, ""last_played"": 1361174400}, ""language"": ""english"", ""review"": ""I'm Batman!"", ""timestamp_created"": 1354248505, ""timestamp_updated"": 1354248505, ""voted_up"": true, ""votes_up"": 0, ""votes_funny"": 0, ""weighted_vote_score"": 0.5, ""comment_count"": 0, ""steam_purchase"": true, ""received_for_free"": false, ""written_during_early_access"": false, ""primarily_steam_deck"": false}"
5515391,76561198051120888,"Ğ‘Ñ€Ğ°Ğ²Ğ¾ Rocksteady!!! Ğ‘-Ğ -Ğ-Ğ’-Ğ!!! Ğ˜Ğ³Ñ€Ğ°Ñ Ğ² Arkham Asylum, Ñ Ğ´Ğ°Ğ¶Ğµ Ğ¸ Ğ¿Ğ¾Ğ´ÑƒĞ¼Ğ°Ñ‚ÑŒ Ğ½Ğµ Ğ¼Ğ¾Ğ³, Ñ‡Ñ‚Ğ¾ Arkham City Ğ±ÑƒĞ´ĞµÑ‚ Ñ‚Ğ°ĞºĞ¾Ğ¹ ÑˆĞ¸ĞºĞ°Ñ€Ğ½Ğ¾Ğ¹! Ğ­Ñ‚Ğ¾ Ğ¿Ñ€Ğ¾ÑÑ‚Ğ¾ Ğ½ĞµÑ‡Ñ‚Ğ¾! Ğ—ÑƒĞ± Ğ´Ğ°Ñ, Ğ´Ğ°Ğ½Ğ½Ğ°Ñ Ğ¸Ğ³Ñ€Ğ° ÑÑ‚Ğ°Ğ½ĞµÑ‚ ĞºĞ»Ğ°ÑÑĞ¸ĞºĞ¾Ğ¹ Ğ´Ğ»Ñ Ğ¿Ğ¾Ğ´Ñ€Ğ¾ÑÑ‚Ğ°ÑÑ‰ĞµĞ¹ Ğ¼Ğ¾Ğ»Ğ¾Ğ´ĞµĞ¶Ğ¸! Ğ’ Ğ¸Ğ³Ñ€Ğµ ĞµÑÑ‚ÑŒ Ğ°Ğ±ÑĞ¾Ğ»ÑÑ‚Ğ½Ğ¾ Ğ²ÑĞµ, Ñ‡Ñ‚Ğ¾ Ğ½ÑƒĞ¶Ğ½Ğ¾ Ğ¸ÑÑ‚Ğ¸Ğ½Ğ½Ğ¾Ğ¼Ñƒ Ñ„Ğ°Ğ½Ğ°Ñ‚Ñƒ Ğ‘ÑÑ‚Ğ¼Ğ°Ğ½Ğ°! ĞšÑƒÑ‡Ğ° Ğ¿ĞµÑ€ÑĞ¾Ğ½Ğ°Ğ¶ĞµĞ¹, Ğ¾Ñ‚Ğ»Ğ¸Ñ‡Ğ½Ñ‹Ğ¹ ÑÑĞ¶ĞµÑ‚, Ğ½Ğ°ÑÑ‚Ğ¾ÑÑ‰Ğ°Ñ Ğ±Ğ¸Ğ±Ğ»Ğ¸Ğ¾Ñ‚ĞµĞºĞ° Ğ²ÑĞµĞ»ĞµĞ½Ğ½Ğ¾Ğ¹, Ñ„Ğ°Ğ¹Ñ‚Ğ¸Ğ½Ğ³ Ğ½Ğ° Ğ²Ñ‹ÑĞ¾Ñ‚Ğµ, Ğ¾Ğ·Ğ²ÑƒÑ‡ĞºĞ° - ""Ğ¨Ğ¸Ğº Ğ¸ Ğ‘Ğ»ĞµÑĞº"". Ğ“Ñ€ĞµÑ… Ğ½Ğµ Ğ½Ğ°Ğ·Ğ²Ğ°Ñ‚ÑŒ Ğ´Ğ°Ğ½Ğ½ÑƒÑ Ğ¸Ğ³Ñ€Ñƒ Ğ»ÑƒÑ‡ÑˆĞµĞ¹ Ğ¸Ğ· Ğ»ÑƒÑ‡ÑˆĞ¸Ñ…! (10+ Ğ¸Ğ· 10)
P.S.: Ğ‘ĞµÑ€Ğ¸Ñ‚Ğµ Ğ¸ Ğ²Ñ‹ Ğ½Ğ¸ Ğ·Ğ° Ñ‡Ñ‚Ğ¾ Ğ½Ğµ Ğ¿Ğ¾Ğ¶Ğ°Ğ»ĞµĞµÑ‚Ğµ!",1354201844,1354201844,1,0.5010920166969299,3007,581,1436710662,"{""recommendationid"": ""5515391"", ""author"": {""steamid"": ""76561198051120888"", ""num_games_owned"": 0, ""num_reviews"": 36, ""playtime_forever"": 3007, ""playtime_last_two_weeks"": 0, ""playtime_at_review"": 581, ""last_played"": 1436710662}, ""language"": ""english"", ""review"": ""Ğ‘Ñ€Ğ°Ğ²Ğ¾ Rocksteady!!! Ğ‘-Ğ -Ğ-Ğ’-Ğ!!! Ğ˜Ğ³Ñ€Ğ°Ñ Ğ² Arkham Asylum, Ñ Ğ´Ğ°Ğ¶Ğµ Ğ¸ Ğ¿Ğ¾Ğ´ÑƒĞ¼Ğ°Ñ‚ÑŒ Ğ½Ğµ Ğ¼Ğ¾Ğ³, Ñ‡Ñ‚Ğ¾ Arkham City Ğ±ÑƒĞ´ĞµÑ‚ Ñ‚Ğ°ĞºĞ¾Ğ¹ ÑˆĞ¸ĞºĞ°Ñ€Ğ½Ğ¾Ğ¹! Ğ­Ñ‚Ğ¾ Ğ¿Ñ€Ğ¾ÑÑ‚Ğ¾ Ğ½ĞµÑ‡Ñ‚Ğ¾! Ğ—ÑƒĞ± Ğ´Ğ°Ñ, Ğ´Ğ°Ğ½Ğ½Ğ°Ñ Ğ¸Ğ³Ñ€Ğ° ÑÑ‚Ğ°Ğ½ĞµÑ‚ ĞºĞ»Ğ°ÑÑĞ¸ĞºĞ¾Ğ¹ Ğ´Ğ»Ñ Ğ¿Ğ¾Ğ´Ñ€Ğ¾ÑÑ‚Ğ°ÑÑ‰ĞµĞ¹ Ğ¼Ğ¾Ğ»Ğ¾Ğ´ĞµĞ¶Ğ¸! Ğ’ Ğ¸Ğ³Ñ€Ğµ ĞµÑÑ‚ÑŒ Ğ°Ğ±ÑĞ¾Ğ»ÑÑ‚Ğ½Ğ¾ Ğ²ÑĞµ, Ñ‡Ñ‚Ğ¾ Ğ½ÑƒĞ¶Ğ½Ğ¾ Ğ¸ÑÑ‚Ğ¸Ğ½Ğ½Ğ¾Ğ¼Ñƒ Ñ„Ğ°Ğ½Ğ°Ñ‚Ñƒ Ğ‘ÑÑ‚Ğ¼Ğ°Ğ½Ğ°! ĞšÑƒÑ‡Ğ° Ğ¿ĞµÑ€ÑĞ¾Ğ½Ğ°Ğ¶ĞµĞ¹, Ğ¾Ñ‚Ğ»Ğ¸Ñ‡Ğ½Ñ‹Ğ¹ ÑÑĞ¶ĞµÑ‚, Ğ½Ğ°ÑÑ‚Ğ¾ÑÑ‰Ğ°Ñ Ğ±Ğ¸Ğ±Ğ»Ğ¸Ğ¾Ñ‚ĞµĞºĞ° Ğ²ÑĞµĞ»ĞµĞ½Ğ½Ğ¾Ğ¹, Ñ„Ğ°Ğ¹Ñ‚Ğ¸Ğ½Ğ³ Ğ½Ğ° Ğ²Ñ‹ÑĞ¾Ñ‚Ğµ, Ğ¾Ğ·Ğ²ÑƒÑ‡ĞºĞ° - \""Ğ¨Ğ¸Ğº Ğ¸ Ğ‘Ğ»ĞµÑĞº\"". Ğ“Ñ€ĞµÑ… Ğ½Ğµ Ğ½Ğ°Ğ·Ğ²Ğ°Ñ‚ÑŒ Ğ´Ğ°Ğ½Ğ½ÑƒÑ Ğ¸Ğ³Ñ€Ñƒ Ğ»ÑƒÑ‡ÑˆĞµĞ¹ Ğ¸Ğ· Ğ»ÑƒÑ‡ÑˆĞ¸Ñ…! (10+ Ğ¸Ğ· 10)\nP.S.: Ğ‘ĞµÑ€Ğ¸Ñ‚Ğµ Ğ¸ Ğ²Ñ‹ Ğ½Ğ¸ Ğ·Ğ° Ñ‡Ñ‚Ğ¾ Ğ½Ğµ Ğ¿Ğ¾Ğ¶Ğ°Ğ»ĞµĞµÑ‚Ğµ!"", ""timestamp_created"": 1354201844, ""timestamp_updated"": 1354201844, ""voted_up"": true, ""votes_up"": 1, ""votes_funny"": 0, ""weighted_vote_score"": ""0.501092016696929932"", ""comment_count"": 0, ""steam_purchase"": false, ""received_for_free"": false, ""written_during_early_access"": false, ""primarily_steam_deck"": false}"
4918493,76561198043305988,Soooo much prettier than on 360 and PS3. :),1354163088,1354163088,1,0.5,25584,8120,1593638659,"{""recommendationid"": ""4918493"", ""author"": {""steamid"": ""76561198043305988"", ""num_games_owned"": 195, ""num_reviews"": 7, ""playtime_forever"": 25584, ""playtime_last_two_weeks"": 0, ""playtime_at_review"": 8120, ""last_played"": 1593638659}, ""language"": ""english"", ""review"": ""Soooo much prettier than on 360 and PS3. :)"", ""timestamp_created"": 1354163088, ""timestamp_updated"": 1354163088, ""voted_up"": true, ""votes_up"": 0, ""votes_funny"": 0, ""weighted_vote_score"": 0.5, ""comment_count"": 0, ""steam_purchase"": false, ""received_for_free"": false, ""written_during_early_access"": false, ""primarily_steam_deck"": false}"
6337886,76561198064106802,"Un juego enorme,divertido con muchos secretos por descubrir",1354158923,1354158923,1,0.5,327,287,1436843959,"{""recommendationid"": ""6337886"", ""author"": {""steamid"": ""76561198064106802"", ""num_games_owned"": 0, ""num_reviews"": 33, ""playtime_forever"": 327, ""playtime_last_two_weeks"": 0, ""playtime_at_review"": 287, ""last_played"": 1436843959}, ""language"": ""english"", ""review"": ""Un juego enorme,divertido con muchos secretos por descubrir"", ""timestamp_created"": 1354158923, ""timestamp_updated"": 1354158923, ""voted_up"": true, ""votes_up"": 0, ""votes_funny"": 0, ""weighted_vote_score"": 0.5, ""comment_count"": 0, ""steam_purchase"": true, ""received_for_free"": false, ""written_during_early_access"": false, ""primarily_steam_deck"": false}"
1036532,76561197984983772,Great game!,1354141374,1354141374,1,0.5,1210,505,1435695218,"{""recommendationid"": ""1036532"", ""author"": {""steamid"": ""76561197984983772"", ""num_games_owned"": 0, ""num_reviews"": 6, ""playtime_forever"": 1210, ""playtime_last_two_weeks"": 0, ""playtime_at_review"": 505, ""last_played"": 1435695218}, ""language"": ""english"", ""review"": ""Great game!"", ""timestamp_created"": 1354141374, ""timestamp_updated"": 1354141374, ""voted_up"": true, ""votes_up"": 0, ""votes_funny"": 0, ""weighted_vote_score"": 0.5, ""comment_count"": 0, ""steam_purchase"": true, ""received_for_free"": false, ""written_during_early_access"": false, ""primarily_steam_deck"": false}"
3107688,76561198017562702,"Is it a bird, is it a plane? No Fool, its BATMAN.

If you ever wondered how would it feel like to glide between buildings, kick in a few faces or just beeing The Bat- this is the game that will show it to you :)

Very nice combat, very good controll, nice story. IMHO don`t bother about the DLC`s :P",1354097436,1354097436,1,0.523809552192688,3176,3065,1499288048,"{""recommendationid"": ""3107688"", ""author"": {""steamid"": ""76561198017562702"", ""num_games_owned"": 911, ""num_reviews"": 79, ""playtime_forever"": 3176, ""playtime_last_two_weeks"": 0, ""playtime_at_review"": 3065, ""last_played"": 1499288048}, ""language"": ""english"", ""review"": ""Is it a bird, is it a plane? No Fool, its BATMAN.\n\nIf you ever wondered how would it feel like to glide between buildings, kick in a few faces or just beeing The Bat- this is the game that will show it to you :)\n\nVery nice combat, very good controll, nice story. IMHO don`t bother about the DLC`s :P"", ""timestamp_created"": 1354097436, ""timestamp_updated"": 1354097436, ""voted_up"": true, ""votes_up"": 1, ""votes_funny"": 0, ""weighted_vote_score"": ""0.523809552192687988"", ""comment_count"": 0, ""steam_purchase"": true, ""received_for_free"": false, ""written_during_early_access"": false, ""primarily_steam_deck"": false}"
3227066,76561198019180473,"Ğ£Ğ±Ñ€Ğ°Ğ»Ğ¸ Games for Windows Live, Ğ° Ñ Ğ½Ğ¸Ğ¼ Ğ·Ğ°Ğ¾Ğ´Ğ½Ğ¾ Ğ¸ Ğ²ÑĞµ ÑĞ¾Ñ…Ñ€Ğ°Ğ½ĞµĞ½Ğ¸Ñ, Ğ²ÑĞµ Ñ€ĞµĞºĞ¾Ñ€Ğ´Ñ‹ Ğ½Ğ° Ğ°Ñ€ĞµĞ½Ğ°Ñ… Ğ¸ Ñ‚Ğ´. ĞšĞ¾Ğ½Ñ‡ĞµĞ½Ğ½Ñ‹Ğµ Ğ¶Ğ°Ğ´Ğ½Ñ‹Ğµ Ğ²Ñ‹Ğ±Ğ»ÑĞ´ĞºĞ¸",1354082748,1561376023,0,0.54356849193573,1801,1522,1430246972,"{""recommendationid"": ""3227066"", ""author"": {""steamid"": ""76561198019180473"", ""num_games_owned"": 360, ""num_reviews"": 92, ""playtime_forever"": 1801, ""playtime_last_two_weeks"": 0, ""playtime_at_review"": 1522, ""last_played"": 1430246972}, ""language"": ""english"", ""review"": ""Ğ£Ğ±Ñ€Ğ°Ğ»Ğ¸ Games for Windows Live, Ğ° Ñ Ğ½Ğ¸Ğ¼ Ğ·Ğ°Ğ¾Ğ´Ğ½Ğ¾ Ğ¸ Ğ²ÑĞµ ÑĞ¾Ñ…Ñ€Ğ°Ğ½ĞµĞ½Ğ¸Ñ, Ğ²ÑĞµ Ñ€ĞµĞºĞ¾Ñ€Ğ´Ñ‹ Ğ½Ğ° Ğ°Ñ€ĞµĞ½Ğ°Ñ… Ğ¸ Ñ‚Ğ´. ĞšĞ¾Ğ½Ñ‡ĞµĞ½Ğ½Ñ‹Ğµ Ğ¶Ğ°Ğ´Ğ½Ñ‹Ğµ Ğ²Ñ‹Ğ±Ğ»ÑĞ´ĞºĞ¸"", ""timestamp_created"": 1354082748, ""timestamp_updated"": 1561376023, ""voted_up"": false, ""votes_up"": 2, ""votes_funny"": 0, ""weighted_vote_score"": ""0.54356849193572998"", ""comment_count"": 0, ""steam_purchase"": true, ""received_for_free"": false, ""written_during_early_access"": false, ""primarily_steam_deck"": false}"
3724481,76561198026609488,More open space and quests than Arkham Asylum. More gear and costumes and you can see some sad shit in the end. Also you get to be the Batman AND Catwoman. raaaaaaawr,1354062674,1354062674,1,0.5009946823120117,1264,1203,1496662541,"{""recommendationid"": ""3724481"", ""author"": {""steamid"": ""76561198026609488"", ""num_games_owned"": 429, ""num_reviews"": 49, ""playtime_forever"": 1264, ""playtime_last_two_weeks"": 0, ""playtime_at_review"": 1203, ""last_played"": 1496662541}, ""language"": ""english"", ""review"": ""More open space and quests than Arkham Asylum. More gear and costumes and you can see some sad shit in the end. Also you get to be the Batman AND Catwoman. raaaaaaawr"", ""timestamp_created"": 1354062674, ""timestamp_updated"": 1354062674, ""voted_up"": true, ""votes_up"": 1, ""votes_funny"": 0, ""weighted_vote_score"": ""0.500994682312011719"", ""comment_count"": 0, ""steam_purchase"": true, ""received_for_free"": false, ""written_during_early_access"": false, ""primarily_steam_deck"": false}"
1044332,76561197985176948,"NÃƒO COMPREM ESSE LIXO! O DRM SÃ“ PERMITE INSTALAR 10x, EM ATÃ‰ 5PCS (10x CADA), DEPOIS DISSO TEM QUE COMPRAR O JOGO NOVAMENTE. EU NUNCA MAIS VOU COMPRAR JOGOS DA WB, NUNCA MAIS! DEPOIS AS EMPRESAS NÃƒO QUEREM QUE SEUS PROGRAMAS SEJAM PIRATEADOS! LOL!!!
------------------------------------------
DO NOT BUY THIS GARBAGE! THE DRM ALLOWS YOU TO INSTALL ONLY 10x, WITHIN 5PCS (10x EACH) AFTER THAT YOUT HAVE TO BUY THIS GAME AGAIN. I WILL NEVER BUY FROM WB GAMES, NEVER EVER! THE COMPANIES DO NOT WANT TO HAVE THEIR PROGRAMS HACKED/CRACKED? LOL!!",1354037086,1354037086,1,0.5,2901,1383,1386278397,"{""recommendationid"": ""1044332"", ""author"": {""steamid"": ""76561197985176948"", ""num_games_owned"": 187, ""num_reviews"": 15, ""playtime_forever"": 2901, ""playtime_last_two_weeks"": 0, ""playtime_at_review"": 1383, ""last_played"": 1386278397}, ""language"": ""english"", ""review"": ""NÃƒO COMPREM ESSE LIXO! O DRM SÃ“ PERMITE INSTALAR 10x, EM ATÃ‰ 5PCS (10x CADA), DEPOIS DISSO TEM QUE COMPRAR O JOGO NOVAMENTE. EU NUNCA MAIS VOU COMPRAR JOGOS DA WB, NUNCA MAIS! DEPOIS AS EMPRESAS NÃƒO QUEREM QUE SEUS PROGRAMAS SEJAM PIRATEADOS! LOL!!!\n------------------------------------------\nDO NOT BUY THIS GARBAGE! THE DRM ALLOWS YOU TO INSTALL ONLY 10x, WITHIN 5PCS (10x EACH) AFTER THAT YOUT HAVE TO BUY THIS GAME AGAIN. I WILL NEVER BUY FROM WB GAMES, NEVER EVER! THE COMPANIES DO NOT WANT TO HAVE THEIR PROGRAMS HACKED/CRACKED? LOL!!"", ""timestamp_created"": 1354037086, ""timestamp_updated"": 1354037086, ""voted_up"": true, ""votes_up"": 0, ""votes_funny"": 0, ""weighted_vote_score"": 0.5, ""comment_count"": 1, ""steam_purchase"": true, ""received_for_free"": false, ""written_during_early_access"": false, ""primarily_steam_deck"": false}"
4680984,76561198040703965,Pesdate Game !!!!!!!!!!!!!!!!!!!!!!!!!!!!!!!!!!!!!!!!!!!!!!!!!!!!!!!!!!!!!!!!!!!!!!!!!!!!!!!!!!!!!!!!!!!!!!!!!!!!!!!!!!!!!!!!!!!!!!!!!!!!!!!!!!!!!!!!!!!!!!!!!!!!!!!!!!!!!!!!!!!!!!!!!!!!!!!!!!!!!!!!!!!!!!!!!!!!!,1354011283,1354011283,1,0.5,551,84,1436372990,"{""recommendationid"": ""4680984"", ""author"": {""steamid"": ""76561198040703965"", ""num_games_owned"": 0, ""num_reviews"": 46, ""playtime_forever"": 551, ""playtime_last_two_weeks"": 0, ""playtime_at_review"": 84, ""last_played"": 1436372990}, ""language"": ""english"", ""review"": ""Pesdate Game !!!!!!!!!!!!!!!!!!!!!!!!!!!!!!!!!!!!!!!!!!!!!!!!!!!!!!!!!!!!!!!!!!!!!!!!!!!!!!!!!!!!!!!!!!!!!!!!!!!!!!!!!!!!!!!!!!!!!!!!!!!!!!!!!!!!!!!!!!!!!!!!!!!!!!!!!!!!!!!!!!!!!!!!!!!!!!!!!!!!!!!!!!!!!!!!!!!!!"", ""timestamp_created"": 1354011283, ""timestamp_updated"": 1354011283, ""voted_up"": true, ""votes_up"": 0, ""votes_funny"": 0, ""weighted_vote_score"": 0.5, ""comment_count"": 0, ""steam_purchase"": false, ""received_for_free"": false, ""written_during_early_access"": false, ""primarily_steam_deck"": false}"
6212358,76561198061334532,I'm BATMAN!,1353996302,1353996302,1,0.5,1700,1606,1657456520,"{""recommendationid"": ""6212358"", ""author"": {""steamid"": ""76561198061334532"", ""num_games_owned"": 1255, ""num_reviews"": 93, ""playtime_forever"": 1700, ""playtime_last_two_weeks"": 0, ""playtime_at_review"": 1606, ""last_played"": 1657456520}, ""language"": ""english"", ""review"": ""I'm BATMAN!"", ""timestamp_created"": 1353996302, ""timestamp_updated"": 1353996302, ""voted_up"": true, ""votes_up"": 0, ""votes_funny"": 0, ""weighted_vote_score"": 0.5, ""comment_count"": 0, ""steam_purchase"": true, ""received_for_free"": false, ""written_during_early_access"": false, ""primarily_steam_deck"": false}"
6549757,76561198068787143,Great Action Adventure game with a twist of puzzling scenarios.,1353994291,1353994291,1,0.5,3071,2550,1635266016,"{""recommendationid"": ""6549757"", ""author"": {""steamid"": ""76561198068787143"", ""num_games_owned"": 270, ""num_reviews"": 7, ""playtime_forever"": 3071, ""playtime_last_two_weeks"": 0, ""playtime_at_review"": 2550, ""last_played"": 1635266016}, ""language"": ""english"", ""review"": ""Great Action Adventure game with a twist of puzzling scenarios."", ""timestamp_created"": 1353994291, ""timestamp_updated"": 1353994291, ""voted_up"": true, ""votes_up"": 0, ""votes_funny"": 0, ""weighted_vote_score"": 0.5, ""comment_count"": 0, ""steam_purchase"": true, ""received_for_free"": false, ""written_during_early_access"": false, ""primarily_steam_deck"": false}"
2331087,76561198005838574,10/10,1353986967,1353986967,1,0.5,4109,1816,1413299654,"{""recommendationid"": ""2331087"", ""author"": {""steamid"": ""76561198005838574"", ""num_games_owned"": 0, ""num_reviews"": 79, ""playtime_forever"": 4109, ""playtime_last_two_weeks"": 0, ""playtime_at_review"": 1816, ""last_played"": 1413299654}, ""language"": ""english"", ""review"": ""10/10"", ""timestamp_created"": 1353986967, ""timestamp_updated"": 1353986967, ""voted_up"": true, ""votes_up"": 0, ""votes_funny"": 0, ""weighted_vote_score"": 0.5, ""comment_count"": 2, ""steam_purchase"": false, ""received_for_free"": false, ""written_during_early_access"": false, ""primarily_steam_deck"": false}"
2146499,76561198003014937,"Ğ§Ğ¢Ğ Ğ—Ğ Ğ¥Ğ Ğ•ĞĞ¬ ĞĞĞŸĞ˜Ğ¡ĞĞĞ, ÑĞ·Ñ‹ĞºĞ¸ Ñ Ğ¿Ğ¾Ğ»Ğ½Ğ¾ÑÑ‚ÑŒÑ Ğ¿ĞµÑ€ĞµĞ²ĞµĞ´ĞµĞ½Ğ½Ğ¾Ğ¹ Ñ€ĞµÑ‡ÑŒÑ	Ğ¯ Ğ¢ĞĞ›Ğ¬ĞšĞ Ğ¡Ğ«Ğ‘Ğ¢Ğ˜Ğ¢Ğ Ğ« Ğ’Ğ˜Ğ–Ğ£ Ğ˜ Ğ’Ğ¡Ğ (ĞĞĞ•Ğ‘ĞĞ›ĞĞ’Ğ)",1353968770,1353968770,1,0.5,1794,228,1525811457,"{""recommendationid"": ""2146499"", ""author"": {""steamid"": ""76561198003014937"", ""num_games_owned"": 0, ""num_reviews"": 6, ""playtime_forever"": 1794, ""playtime_last_two_weeks"": 0, ""playtime_at_review"": 228, ""last_played"": 1525811457}, ""language"": ""english"", ""review"": ""Ğ§Ğ¢Ğ Ğ—Ğ Ğ¥Ğ Ğ•ĞĞ¬ ĞĞĞŸĞ˜Ğ¡ĞĞĞ, ÑĞ·Ñ‹ĞºĞ¸ Ñ Ğ¿Ğ¾Ğ»Ğ½Ğ¾ÑÑ‚ÑŒÑ Ğ¿ĞµÑ€ĞµĞ²ĞµĞ´ĞµĞ½Ğ½Ğ¾Ğ¹ Ñ€ĞµÑ‡ÑŒÑ\tĞ¯ Ğ¢ĞĞ›Ğ¬ĞšĞ Ğ¡Ğ«Ğ‘Ğ¢Ğ˜Ğ¢Ğ Ğ« Ğ’Ğ˜Ğ–Ğ£ Ğ˜ Ğ’Ğ¡Ğ (ĞĞĞ•Ğ‘ĞĞ›ĞĞ’Ğ)"", ""timestamp_created"": 1353968770, ""timestamp_updated"": 1353968770, ""voted_up"": true, ""votes_up"": 0, ""votes_funny"": 0, ""weighted_vote_score"": 0.5, ""comment_count"": 2, ""steam_purchase"": true, ""received_for_free"": false, ""written_during_early_access"": false, ""primarily_steam_deck"": false}"
4423521,76561198036914582,Excellent game.,1353959563,1353959563,1,0.5,1010,808,1494288542,"{""recommendationid"": ""4423521"", ""author"": {""steamid"": ""76561198036914582"", ""num_games_owned"": 0, ""num_reviews"": 18, ""playtime_forever"": 1010, ""playtime_last_two_weeks"": 0, ""playtime_at_review"": 808, ""last_played"": 1494288542}, ""language"": ""english"", ""review"": ""Excellent game."", ""timestamp_created"": 1353959563, ""timestamp_updated"": 1353959563, ""voted_up"": true, ""votes_up"": 0, ""votes_funny"": 0, ""weighted_vote_score"": 0.5, ""comment_count"": 0, ""steam_purchase"": true, ""received_for_free"": false, ""written_during_early_access"": false, ""primarily_steam_deck"": false}"
6482958,76561198067248122,ONE of the best action games ever,1353937625,1353937625,1,0.5185185670852661,665,197,1400195273,"{""recommendationid"": ""6482958"", ""author"": {""steamid"": ""76561198067248122"", ""num_games_owned"": 83, ""num_reviews"": 5, ""playtime_forever"": 665, ""playtime_last_two_weeks"": 0, ""playtime_at_review"": 197, ""last_played"": 1400195273}, ""language"": ""english"", ""review"": ""ONE of the best action games ever"", ""timestamp_created"": 1353937625, ""timestamp_updated"": 1353937625, ""voted_up"": true, ""votes_up"": 1, ""votes_funny"": 0, ""weighted_vote_score"": ""0.518518567085266113"", ""comment_count"": 1, ""steam_purchase"": true, ""received_for_free"": false, ""written_during_early_access"": false, ""primarily_steam_deck"": false}"
1273199,76561197990467016,">$7.49
>20 gigabytes",1353899732,1353899732,1,0.5,4183,3178,1433747163,"{""recommendationid"": ""1273199"", ""author"": {""steamid"": ""76561197990467016"", ""num_games_owned"": 590, ""num_reviews"": 16, ""playtime_forever"": 4183, ""playtime_last_two_weeks"": 0, ""playtime_at_review"": 3178, ""last_played"": 1433747163}, ""language"": ""english"", ""review"": "">$7.49\n>20 gigabytes"", ""timestamp_created"": 1353899732, ""timestamp_updated"": 1353899732, ""voted_up"": true, ""votes_up"": 0, ""votes_funny"": 0, ""weighted_vote_score"": 0.5, ""comment_count"": 0, ""steam_purchase"": true, ""received_for_free"": false, ""written_during_early_access"": false, ""primarily_steam_deck"": false}"
2467164,76561198007789220,"Awesome game , a must buy if you enjoyed batman arkham asylum or if you are just a batman fan in general",1353895403,1353895403,1,0.5,6931,2860,1758135089,"{""recommendationid"": ""2467164"", ""author"": {""steamid"": ""76561198007789220"", ""num_games_owned"": 844, ""num_reviews"": 7, ""playtime_forever"": 6931, ""playtime_last_two_weeks"": 0, ""playtime_at_review"": 2860, ""last_played"": 1758135089}, ""language"": ""english"", ""review"": ""Awesome game , a must buy if you enjoyed batman arkham asylum or if you are just a batman fan in general"", ""timestamp_created"": 1353895403, ""timestamp_updated"": 1353895403, ""voted_up"": true, ""votes_up"": 0, ""votes_funny"": 0, ""weighted_vote_score"": 0.5, ""comment_count"": 0, ""steam_purchase"": false, ""received_for_free"": false, ""written_during_early_access"": false, ""primarily_steam_deck"": false}"
4155370,76561198032950143,"O melhor Jogo do Batman, pode comprar sem duvidas.",1353888443,1353888443,1,0.5,1820,490,1757421264,"{""recommendationid"": ""4155370"", ""author"": {""steamid"": ""76561198032950143"", ""num_games_owned"": 0, ""num_reviews"": 33, ""playtime_forever"": 1820, ""playtime_last_two_weeks"": 0, ""playtime_at_review"": 490, ""last_played"": 1757421264}, ""language"": ""english"", ""review"": ""O melhor Jogo do Batman, pode comprar sem duvidas."", ""timestamp_created"": 1353888443, ""timestamp_updated"": 1353888443, ""voted_up"": true, ""votes_up"": 0, ""votes_funny"": 0, ""weighted_vote_score"": 0.5, ""comment_count"": 0, ""steam_purchase"": true, ""received_for_free"": false, ""written_during_early_access"": false, ""primarily_steam_deck"": false}"
1915166,76561197999674187,"Dear Steam, Here is my Wallet, just take it Please.  -Sincerely, Canyon.

Seriously, do I even have to write a personal review for this?

We played Arkham Asylum, we all wanted to go to that glowing Island in the Background called Gotham City, and now... WE CAN!  Well... Arkham City, but hell man!  Outdoor exploration mixed with the awesome combat system of Arkham Asylum.  

Yes.  And did I mention is under $10?  HELL YES!",1353887846,1353887846,1,0.5,2565,2565,1357372800,"{""recommendationid"": ""1915166"", ""author"": {""steamid"": ""76561197999674187"", ""num_games_owned"": 574, ""num_reviews"": 43, ""playtime_forever"": 2565, ""playtime_last_two_weeks"": 0, ""playtime_at_review"": 2565, ""last_played"": 1357372800}, ""language"": ""english"", ""review"": ""Dear Steam, Here is my Wallet, just take it Please.  -Sincerely, Canyon.\n\nSeriously, do I even have to write a personal review for this?\n\nWe played Arkham Asylum, we all wanted to go to that glowing Island in the Background called Gotham City, and now... WE CAN!  Well... Arkham City, but hell man!  Outdoor exploration mixed with the awesome combat system of Arkham Asylum.  \n\nYes.  And did I mention is under $10?  HELL YES!"", ""timestamp_created"": 1353887846, ""timestamp_updated"": 1353887846, ""voted_up"": true, ""votes_up"": 0, ""votes_funny"": 0, ""weighted_vote_score"": 0.5, ""comment_count"": 0, ""steam_purchase"": true, ""received_for_free"": false, ""written_during_early_access"": false, ""primarily_steam_deck"": false}"
633612,76561197973713607,Surrely recommend!,1353880851,1353880851,1,0.5,787,787,1365404400,"{""recommendationid"": ""633612"", ""author"": {""steamid"": ""76561197973713607"", ""num_games_owned"": 0, ""num_reviews"": 10, ""playtime_forever"": 787, ""playtime_last_two_weeks"": 0, ""playtime_at_review"": 787, ""last_played"": 1365404400}, ""language"": ""english"", ""review"": ""Surrely recommend!"", ""timestamp_created"": 1353880851, ""timestamp_updated"": 1353880851, ""voted_up"": true, ""votes_up"": 0, ""votes_funny"": 0, ""weighted_vote_score"": 0.5, ""comment_count"": 0, ""steam_purchase"": true, ""received_for_free"": false, ""written_during_early_access"": false, ""primarily_steam_deck"": false}"
5678127,76561198053964416,"I could not ask for more. The game has supreme combat and more. Slowly take down your oppents from above, below, or behind stealth attacks. Knock them over a large drop with your remote control batrang. Or charge into battle beating the pulp out of your enemies. Also the story is very intresting as are the side stories.",1352525291,1352525291,1,0.5,1368,1368,1365058800,"{""recommendationid"": ""5678127"", ""author"": {""steamid"": ""76561198053964416"", ""num_games_owned"": 0, ""num_reviews"": 21, ""playtime_forever"": 1368, ""playtime_last_two_weeks"": 0, ""playtime_at_review"": 1368, ""last_played"": 1365058800}, ""language"": ""english"", ""review"": ""I could not ask for more. The game has supreme combat and more. Slowly take down your oppents from above, below, or behind stealth attacks. Knock them over a large drop with your remote control batrang. Or charge into battle beating the pulp out of your enemies. Also the story is very intresting as are the side stories."", ""timestamp_created"": 1352525291, ""timestamp_updated"": 1352525291, ""voted_up"": true, ""votes_up"": 0, ""votes_funny"": 0, ""weighted_vote_score"": 0.5, ""comment_count"": 0, ""steam_purchase"": true, ""received_for_free"": false, ""written_during_early_access"": false, ""primarily_steam_deck"": false}"
4269598,76561198034811034,an awesome sequel to an awesome comic book character. facebook thumbs up,1352160681,1352160681,1,0.5,2078,1431,1570339147,"{""recommendationid"": ""4269598"", ""author"": {""steamid"": ""76561198034811034"", ""num_games_owned"": 499, ""num_reviews"": 41, ""playtime_forever"": 2078, ""playtime_last_two_weeks"": 0, ""playtime_at_review"": 1431, ""last_played"": 1570339147}, ""language"": ""english"", ""review"": ""an awesome sequel to an awesome comic book character. facebook thumbs up"", ""timestamp_created"": 1352160681, ""timestamp_updated"": 1352160681, ""voted_up"": true, ""votes_up"": 0, ""votes_funny"": 0, ""weighted_vote_score"": 0.5, ""comment_count"": 0, ""steam_purchase"": true, ""received_for_free"": false, ""written_during_early_access"": false, ""primarily_steam_deck"": false}"
883177,76561197980977444,!!!!!!!!!!!!!,1352156566,1352156566,1,0.5,3999,3991,1741476069,"{""recommendationid"": ""883177"", ""author"": {""steamid"": ""76561197980977444"", ""num_games_owned"": 339, ""num_reviews"": 42, ""playtime_forever"": 3999, ""playtime_last_two_weeks"": 0, ""playtime_at_review"": 3991, ""last_played"": 1741476069}, ""language"": ""english"", ""review"": ""!!!!!!!!!!!!!"", ""timestamp_created"": 1352156566, ""timestamp_updated"": 1352156566, ""voted_up"": true, ""votes_up"": 0, ""votes_funny"": 0, ""weighted_vote_score"": 0.5, ""comment_count"": 0, ""steam_purchase"": true, ""received_for_free"": false, ""written_during_early_access"": false, ""primarily_steam_deck"": false}"
6551370,76561198068828978,[code]ğ™±ğšŠğšğš–ğšŠğš—: ğ™°ğš›ğš”ğš‘ğšŠğš– ğ™²ğš’ğšğš¢ ğšğš¡ğš™ğšŠğš—ğšğšœ ğš˜ğš— ğš ğš‘ğšŠğš ğš–ğšŠğšğš ğšğš‘ğš ğš™ğš›ğšğšŸğš’ğš˜ğšğšœ ğš’ğš—ğšœğšğšŠğš•ğš•ğš–ğšğš—ğš ğš˜ğš—ğš ğš˜ğš ğšğš‘ğš ğš‹ğšğšœğš ğ™±ğšŠğšğš–ğšŠğš— ğšğšŠğš–ğšğšœ ğ™¸ ğš‘ğšŠğšŸğš ğšğšŸğšğš› ğš™ğš•ğšŠğš¢ğšğš.[/code],1351851975,1673022418,1,0.5,2678,1658,1742663051,"{""recommendationid"": ""6551370"", ""author"": {""steamid"": ""76561198068828978"", ""num_games_owned"": 2777, ""num_reviews"": 16, ""playtime_forever"": 2678, ""playtime_last_two_weeks"": 0, ""playtime_at_review"": 1658, ""deck_playtime_at_review"": 37, ""last_played"": 1742663051}, ""language"": ""english"", ""review"": ""[code]ğ™±ğšŠğšğš–ğšŠğš—: ğ™°ğš›ğš”ğš‘ğšŠğš– ğ™²ğš’ğšğš¢ ğšğš¡ğš™ğšŠğš—ğšğšœ ğš˜ğš— ğš ğš‘ğšŠğš ğš–ğšŠğšğš ğšğš‘ğš ğš™ğš›ğšğšŸğš’ğš˜ğšğšœ ğš’ğš—ğšœğšğšŠğš•ğš•ğš–ğšğš—ğš ğš˜ğš—ğš ğš˜ğš ğšğš‘ğš ğš‹ğšğšœğš ğ™±ğšŠğšğš–ğšŠğš— ğšğšŠğš–ğšğšœ ğ™¸ ğš‘ğšŠğšŸğš ğšğšŸğšğš› ğš™ğš•ğšŠğš¢ğšğš.[/code]"", ""timestamp_created"": 1351851975, ""timestamp_updated"": 1673022418, ""voted_up"": true, ""votes_up"": 0, ""votes_funny"": 0, ""weighted_vote_score"": 0.5, ""comment_count"": 0, ""steam_purchase"": true, ""received_for_free"": false, ""written_during_early_access"": false, ""primarily_steam_deck"": false}"
754501,76561197977451819,"Batman at his finest. Seriously, one of my favourite games of all time. Can't get enough of it.",1351845633,1351845633,1,0.5,5242,3167,1636446097,"{""recommendationid"": ""754501"", ""author"": {""steamid"": ""76561197977451819"", ""num_games_owned"": 680, ""num_reviews"": 47, ""playtime_forever"": 5242, ""playtime_last_two_weeks"": 0, ""playtime_at_review"": 3167, ""last_played"": 1636446097}, ""language"": ""english"", ""review"": ""Batman at his finest. Seriously, one of my favourite games of all time. Can't get enough of it."", ""timestamp_created"": 1351845633, ""timestamp_updated"": 1351845633, ""voted_up"": true, ""votes_up"": 0, ""votes_funny"": 0, ""weighted_vote_score"": 0.5, ""comment_count"": 0, ""steam_purchase"": true, ""received_for_free"": false, ""written_during_early_access"": false, ""primarily_steam_deck"": false}"
4097439,76561198032008342,"Amazing, 5/5",1351788231,1351788231,1,0.5,6965,6833,1398245207,"{""recommendationid"": ""4097439"", ""author"": {""steamid"": ""76561198032008342"", ""num_games_owned"": 0, ""num_reviews"": 4, ""playtime_forever"": 6965, ""playtime_last_two_weeks"": 0, ""playtime_at_review"": 6833, ""last_played"": 1398245207}, ""language"": ""english"", ""review"": ""Amazing, 5/5"", ""timestamp_created"": 1351788231, ""timestamp_updated"": 1351788231, ""voted_up"": true, ""votes_up"": 0, ""votes_funny"": 0, ""weighted_vote_score"": 0.5, ""comment_count"": 0, ""steam_purchase"": true, ""received_for_free"": false, ""written_during_early_access"": false, ""primarily_steam_deck"": false}"
5885025,76561198055817617,"Quite simply the best comic book adaptation ever. Amazing dark feeling, great characters and storyline. For me it's the best game since 2010.
Worth every penny... 10/10 (btw Arkham Asylum 8/10)",1351354558,1351354558,1,0.5,3071,3025,1380829951,"{""recommendationid"": ""5885025"", ""author"": {""steamid"": ""76561198055817617"", ""num_games_owned"": 403, ""num_reviews"": 1, ""playtime_forever"": 3071, ""playtime_last_two_weeks"": 0, ""playtime_at_review"": 3025, ""last_played"": 1380829951}, ""language"": ""english"", ""review"": ""Quite simply the best comic book adaptation ever. Amazing dark feeling, great characters and storyline. For me it's the best game since 2010.\nWorth every penny... 10/10 (btw Arkham Asylum 8/10)"", ""timestamp_created"": 1351354558, ""timestamp_updated"": 1351354558, ""voted_up"": true, ""votes_up"": 0, ""votes_funny"": 0, ""weighted_vote_score"": 0.5, ""comment_count"": 0, ""steam_purchase"": true, ""received_for_free"": false, ""written_during_early_access"": false, ""primarily_steam_deck"": false}"
3360504,76561198021432975,This game is incredible. A must have for any Batman fan.,1351103764,1351103764,1,0.5,4767,141,1749930408,"{""recommendationid"": ""3360504"", ""author"": {""steamid"": ""76561198021432975"", ""num_games_owned"": 0, ""num_reviews"": 2, ""playtime_forever"": 4767, ""playtime_last_two_weeks"": 0, ""playtime_at_review"": 141, ""last_played"": 1749930408}, ""language"": ""english"", ""review"": ""This game is incredible. A must have for any Batman fan."", ""timestamp_created"": 1351103764, ""timestamp_updated"": 1351103764, ""voted_up"": true, ""votes_up"": 0, ""votes_funny"": 0, ""weighted_vote_score"": 0.5, ""comment_count"": 0, ""steam_purchase"": true, ""received_for_free"": false, ""written_during_early_access"": false, ""primarily_steam_deck"": false}"
2580992,76561198009557032,Batman,1350459842,1350459842,1,0.5,8252,3795,1604695317,"{""recommendationid"": ""2580992"", ""author"": {""steamid"": ""76561198009557032"", ""num_games_owned"": 0, ""num_reviews"": 7, ""playtime_forever"": 8252, ""playtime_last_two_weeks"": 0, ""playtime_at_review"": 3795, ""last_played"": 1604695317}, ""language"": ""english"", ""review"": ""Batman"", ""timestamp_created"": 1350459842, ""timestamp_updated"": 1350459842, ""voted_up"": true, ""votes_up"": 0, ""votes_funny"": 0, ""weighted_vote_score"": 0.5, ""comment_count"": 0, ""steam_purchase"": false, ""received_for_free"": false, ""written_during_early_access"": false, ""primarily_steam_deck"": false}"
2473958,76561198007901560,This game is a masterpiece enough said.,1350399863,1350399863,1,0.5,1678,1643,1448321264,"{""recommendationid"": ""2473958"", ""author"": {""steamid"": ""76561198007901560"", ""num_games_owned"": 0, ""num_reviews"": 64, ""playtime_forever"": 1678, ""playtime_last_two_weeks"": 0, ""playtime_at_review"": 1643, ""last_played"": 1448321264}, ""language"": ""english"", ""review"": ""This game is a masterpiece enough said."", ""timestamp_created"": 1350399863, ""timestamp_updated"": 1350399863, ""voted_up"": true, ""votes_up"": 0, ""votes_funny"": 0, ""weighted_vote_score"": 0.5, ""comment_count"": 0, ""steam_purchase"": true, ""received_for_free"": false, ""written_during_early_access"": false, ""primarily_steam_deck"": false}"
5465707,76561198050226059,ITS SUBLIME.......ITS GOOOOOOOD!!!,1350353191,1350353191,1,0.5,3060,2916,1384554335,"{""recommendationid"": ""5465707"", ""author"": {""steamid"": ""76561198050226059"", ""num_games_owned"": 655, ""num_reviews"": 16, ""playtime_forever"": 3060, ""playtime_last_two_weeks"": 0, ""playtime_at_review"": 2916, ""last_played"": 1384554335}, ""language"": ""english"", ""review"": ""ITS SUBLIME.......ITS GOOOOOOOD!!!"", ""timestamp_created"": 1350353191, ""timestamp_updated"": 1350353191, ""voted_up"": true, ""votes_up"": 0, ""votes_funny"": 0, ""weighted_vote_score"": 0.5, ""comment_count"": 0, ""steam_purchase"": false, ""received_for_free"": false, ""written_during_early_access"": false, ""primarily_steam_deck"": false}"
4013386,76561198030714747,"The best close combat game there is. Awesome story. The graphics are jaw dropping, if your computer can handle it. Be sure to have played the first one, Arkham Asylum before picking this one up so you can enjoy an epic story. You really have to pick up these 2 Batman games!",1349715721,1349715721,1,0.5,841,598,1705661506,"{""recommendationid"": ""4013386"", ""author"": {""steamid"": ""76561198030714747"", ""num_games_owned"": 299, ""num_reviews"": 33, ""playtime_forever"": 841, ""playtime_last_two_weeks"": 0, ""playtime_at_review"": 598, ""last_played"": 1705661506}, ""language"": ""english"", ""review"": ""The best close combat game there is. Awesome story. The graphics are jaw dropping, if your computer can handle it. Be sure to have played the first one, Arkham Asylum before picking this one up so you can enjoy an epic story. You really have to pick up these 2 Batman games!"", ""timestamp_created"": 1349715721, ""timestamp_updated"": 1349715721, ""voted_up"": true, ""votes_up"": 0, ""votes_funny"": 0, ""weighted_vote_score"": 0.5, ""comment_count"": 0, ""steam_purchase"": true, ""received_for_free"": false, ""written_during_early_access"": false, ""primarily_steam_deck"": false}"
5483890,76561198050548546,"Batman is back with an all new adventure and a story. The game had won Game of the Year on Spike TVâ€™s Video Game Awards 2 years ago. The RPG (role playing game) outstood most of its competitors. From Warner Bros. Studios, Rock steady, NVidia, and DC comics this edition of Batman will blow the player away, literally. Based after the events in the 1st installment (Batman Arkham Asylum) Bruce Wayne has been captured and thrown into this new â€œasylumâ€ thatâ€™s been built in the middle of the dangerous Gotham City. Bruce Wayne is also known as Batman (Kevin Conroy). The player discovers that the most treacherous villains are found within the secure walls of Arkham City. The Riddler (Wally Wingert), The Joker (Mark Hamill), Victor Zsasz (Danny Jacobs) and The Penguin (Nolan North) are just a few. A major event puts Batmanâ€™s life in jeopardy. Joker captures Batman in the Steel Mill and tells him an important factor. Rumors spread about Joker being ill. So, Batman investigates. Harley Quinn (Tara Strong) knocks Batman out cold and ties him up. This moment is the reason this game was captivating to us gamers. Batman says, â€œThis was a lie, there is nothing wrong with you.â€ And Joker says, â€œYou of all people should know thereâ€™s plenty wrong with me.â€ Grinning, the player notices his face is covered with scabs. He continues, â€œTake my blood for example, I wish somebody would, this stuff is KILLING ME!â€ While Joker laughs Batman says, â€œWhy should I care?â€ and then Joker reveals â€œBecause now there is a tiny bit of me inside of you, Bats!â€ Batman notices the IV and the blood going inside of his arm. To find a cure, itâ€™s a race against the clock. While finding the cure, Batman also has to deal with a deadly plan called Protocol 10 ran by the man who built this place, Hugo Strange (Corey Burton). This amazing game will keep the gamer occupied for hours and hours because there are side missions, Riddler Trophies to collect, and campaign maps to verse other players on. The DLC (downloadable content) of the game also adds an element of surprise. For example, Harley Quinnâ€™s Revenge was an anticipated mini story mode thatâ€™s based after the main story mode. Batman: Arkham City is worth the purchase and worthy to be named Game of the Year of 2011.",1349696016,1387117309,1,0.5,5596,5590,1389824915,"{""recommendationid"": ""5483890"", ""author"": {""steamid"": ""76561198050548546"", ""num_games_owned"": 0, ""num_reviews"": 6, ""playtime_forever"": 5596, ""playtime_last_two_weeks"": 0, ""playtime_at_review"": 5590, ""last_played"": 1389824915}, ""language"": ""english"", ""review"": ""Batman is back with an all new adventure and a story. The game had won Game of the Year on Spike TVâ€™s Video Game Awards 2 years ago. The RPG (role playing game) outstood most of its competitors. From Warner Bros. Studios, Rock steady, NVidia, and DC comics this edition of Batman will blow the player away, literally. Based after the events in the 1st installment (Batman Arkham Asylum) Bruce Wayne has been captured and thrown into this new â€œasylumâ€ thatâ€™s been built in the middle of the dangerous Gotham City. Bruce Wayne is also known as Batman (Kevin Conroy). The player discovers that the most treacherous villains are found within the secure walls of Arkham City. The Riddler (Wally Wingert), The Joker (Mark Hamill), Victor Zsasz (Danny Jacobs) and The Penguin (Nolan North) are just a few. A major event puts Batmanâ€™s life in jeopardy. Joker captures Batman in the Steel Mill and tells him an important factor. Rumors spread about Joker being ill. So, Batman investigates. Harley Quinn (Tara Strong) knocks Batman out cold and ties him up. This moment is the reason this game was captivating to us gamers. Batman says, â€œThis was a lie, there is nothing wrong with you.â€ And Joker says, â€œYou of all people should know thereâ€™s plenty wrong with me.â€ Grinning, the player notices his face is covered with scabs. He continues, â€œTake my blood for example, I wish somebody would, this stuff is KILLING ME!â€ While Joker laughs Batman says, â€œWhy should I care?â€ and then Joker reveals â€œBecause now there is a tiny bit of me inside of you, Bats!â€ Batman notices the IV and the blood going inside of his arm. To find a cure, itâ€™s a race against the clock. While finding the cure, Batman also has to deal with a deadly plan called Protocol 10 ran by the man who built this place, Hugo Strange (Corey Burton). This amazing game will keep the gamer occupied for hours and hours because there are side missions, Riddler Trophies to collect, and campaign maps to verse other players on. The DLC (downloadable content) of the game also adds an element of surprise. For example, Harley Quinnâ€™s Revenge was an anticipated mini story mode thatâ€™s based after the main story mode. Batman: Arkham City is worth the purchase and worthy to be named Game of the Year of 2011."", ""timestamp_created"": 1349696016, ""timestamp_updated"": 1387117309, ""voted_up"": true, ""votes_up"": 0, ""votes_funny"": 0, ""weighted_vote_score"": 0.5, ""comment_count"": 0, ""steam_purchase"": true, ""received_for_free"": false, ""written_during_early_access"": false, ""primarily_steam_deck"": false}"
2855392,76561198013633778,One of the best games i've ever played with! One of those which you just cant quit playing :),1349392913,1349392913,1,0.5,14215,6482,1754911124,"{""recommendationid"": ""2855392"", ""author"": {""steamid"": ""76561198013633778"", ""num_games_owned"": 192, ""num_reviews"": 1, ""playtime_forever"": 14215, ""playtime_last_two_weeks"": 0, ""playtime_at_review"": 6482, ""last_played"": 1754911124}, ""language"": ""english"", ""review"": ""One of the best games i've ever played with! One of those which you just cant quit playing :)"", ""timestamp_created"": 1349392913, ""timestamp_updated"": 1349392913, ""voted_up"": true, ""votes_up"": 0, ""votes_funny"": 0, ""weighted_vote_score"": 0.5, ""comment_count"": 0, ""steam_purchase"": false, ""received_for_free"": false, ""written_during_early_access"": false, ""primarily_steam_deck"": false}"
2565711,76561198009365715,Awesome once i spent about five hour's searching for config tweaks... It's a great game but stutters like hell in dx11 untill it's all set up properly. Best batman game so far but no Batmobile again damn it !!! :(,1349273115,1349273115,1,0.5,3116,1855,1594574822,"{""recommendationid"": ""2565711"", ""author"": {""steamid"": ""76561198009365715"", ""num_games_owned"": 0, ""num_reviews"": 5, ""playtime_forever"": 3116, ""playtime_last_two_weeks"": 0, ""playtime_at_review"": 1855, ""last_played"": 1594574822}, ""language"": ""english"", ""review"": ""Awesome once i spent about five hour's searching for config tweaks... It's a great game but stutters like hell in dx11 untill it's all set up properly. Best batman game so far but no Batmobile again damn it !!! :("", ""timestamp_created"": 1349273115, ""timestamp_updated"": 1349273115, ""voted_up"": true, ""votes_up"": 0, ""votes_funny"": 0, ""weighted_vote_score"": 0.5, ""comment_count"": 0, ""steam_purchase"": true, ""received_for_free"": false, ""written_during_early_access"": false, ""primarily_steam_deck"": false}"
593938,76561197972600576,"Excellent mix of action and story. Lot's of gadgets, stealthiness and probably the most fun combat sequences I've experienced in any game. Being Batman is awesome!",1349127086,1349127086,1,0.5,2555,2555,1349074800,"{""recommendationid"": ""593938"", ""author"": {""steamid"": ""76561197972600576"", ""num_games_owned"": 0, ""num_reviews"": 6, ""playtime_forever"": 2555, ""playtime_last_two_weeks"": 0, ""playtime_at_review"": 2555, ""last_played"": 1349074800}, ""language"": ""english"", ""review"": ""Excellent mix of action and story. Lot's of gadgets, stealthiness and probably the most fun combat sequences I've experienced in any game. Being Batman is awesome!"", ""timestamp_created"": 1349127086, ""timestamp_updated"": 1349127086, ""voted_up"": true, ""votes_up"": 0, ""votes_funny"": 0, ""weighted_vote_score"": 0.5, ""comment_count"": 0, ""steam_purchase"": true, ""received_for_free"": false, ""written_during_early_access"": false, ""primarily_steam_deck"": false}"
2069072,76561198001773543,"I like this game! It's very, very exciting.All characters have own individuality. Battles are  very impressive.And fly!!! - ypu can fly like a bird, mmm... like Batman =)",1349005642,1349005642,1,0.5,2197,2197,1349074800,"{""recommendationid"": ""2069072"", ""author"": {""steamid"": ""76561198001773543"", ""num_games_owned"": 0, ""num_reviews"": 29, ""playtime_forever"": 2197, ""playtime_last_two_weeks"": 0, ""playtime_at_review"": 2197, ""last_played"": 1349074800}, ""language"": ""english"", ""review"": ""I like this game! It's very, very exciting.All characters have own individuality. Battles are  very impressive.And fly!!! - ypu can fly like a bird, mmm... like Batman =)"", ""timestamp_created"": 1349005642, ""timestamp_updated"": 1349005642, ""voted_up"": true, ""votes_up"": 0, ""votes_funny"": 0, ""weighted_vote_score"": 0.5, ""comment_count"": 0, ""steam_purchase"": true, ""received_for_free"": false, ""written_during_early_access"": false, ""primarily_steam_deck"": false}"
504597,76561197971248366,"Best superhero game ever, with all the extras. So worth every penny.

Now we need a Spidey game as good as Arkham City!",1348944341,1348944341,1,0.5,1096,865,1376165067,"{""recommendationid"": ""504597"", ""author"": {""steamid"": ""76561197971248366"", ""num_games_owned"": 0, ""num_reviews"": 43, ""playtime_forever"": 1096, ""playtime_last_two_weeks"": 0, ""playtime_at_review"": 865, ""last_played"": 1376165067}, ""language"": ""english"", ""review"": ""Best superhero game ever, with all the extras. So worth every penny.\n\nNow we need a Spidey game as good as Arkham City!"", ""timestamp_created"": 1348944341, ""timestamp_updated"": 1348944341, ""voted_up"": true, ""votes_up"": 0, ""votes_funny"": 0, ""weighted_vote_score"": 0.5, ""comment_count"": 0, ""steam_purchase"": false, ""received_for_free"": false, ""written_during_early_access"": false, ""primarily_steam_deck"": false}"
5714532,76561198054565368,"Possibly the greatest game I have ever played. Highly recommended to any Batman fans or action adventure gamers. Combat is a blast and so is the free roam, grapneling and gliding across Arkham City. Lots of gadgets and tons of gameplay with New Game +, all the Riddler challenges to collect along with the combat and predator challenges. Not to mention the campaign challenges. ZOMG!",1348435609,1348435609,1,0.5,2637,2501,1576298260,"{""recommendationid"": ""5714532"", ""author"": {""steamid"": ""76561198054565368"", ""num_games_owned"": 906, ""num_reviews"": 17, ""playtime_forever"": 2637, ""playtime_last_two_weeks"": 0, ""playtime_at_review"": 2501, ""last_played"": 1576298260}, ""language"": ""english"", ""review"": ""Possibly the greatest game I have ever played. Highly recommended to any Batman fans or action adventure gamers. Combat is a blast and so is the free roam, grapneling and gliding across Arkham City. Lots of gadgets and tons of gameplay with New Game +, all the Riddler challenges to collect along with the combat and predator challenges. Not to mention the campaign challenges. ZOMG!"", ""timestamp_created"": 1348435609, ""timestamp_updated"": 1348435609, ""voted_up"": true, ""votes_up"": 0, ""votes_funny"": 0, ""weighted_vote_score"": 0.5, ""comment_count"": 0, ""steam_purchase"": false, ""received_for_free"": false, ""written_during_early_access"": false, ""primarily_steam_deck"": false}"
4783772,76561198041807047,trÃ©s bon jeu mais finalement un peu court,1348323018,1348323018,1,0.5,1450,1246,1410260821,"{""recommendationid"": ""4783772"", ""author"": {""steamid"": ""76561198041807047"", ""num_games_owned"": 735, ""num_reviews"": 12, ""playtime_forever"": 1450, ""playtime_last_two_weeks"": 0, ""playtime_at_review"": 1246, ""last_played"": 1410260821}, ""language"": ""english"", ""review"": ""trÃ©s bon jeu mais finalement un peu court"", ""timestamp_created"": 1348323018, ""timestamp_updated"": 1348323018, ""voted_up"": true, ""votes_up"": 0, ""votes_funny"": 0, ""weighted_vote_score"": 0.5, ""comment_count"": 0, ""steam_purchase"": true, ""received_for_free"": false, ""written_during_early_access"": false, ""primarily_steam_deck"": false}"
6158269,76561198060232933,"A game with a little bit of everything, plenty of fighting with enough moves to keep it fresh, a level-up system, stealth aspects, puzzles, and collectibles. Plus a myriad of challenge maps to hone your fighting and sneaking skills. Not to mention that the game is visually beautiful with an interesting story.",1348150698,1348150698,1,0.5,11475,4894,1431729282,"{""recommendationid"": ""6158269"", ""author"": {""steamid"": ""76561198060232933"", ""num_games_owned"": 0, ""num_reviews"": 4, ""playtime_forever"": 11475, ""playtime_last_two_weeks"": 0, ""playtime_at_review"": 4894, ""last_played"": 1431729282}, ""language"": ""english"", ""review"": ""A game with a little bit of everything, plenty of fighting with enough moves to keep it fresh, a level-up system, stealth aspects, puzzles, and collectibles. Plus a myriad of challenge maps to hone your fighting and sneaking skills. Not to mention that the game is visually beautiful with an interesting story."", ""timestamp_created"": 1348150698, ""timestamp_updated"": 1348150698, ""voted_up"": true, ""votes_up"": 0, ""votes_funny"": 0, ""weighted_vote_score"": 0.5, ""comment_count"": 0, ""steam_purchase"": true, ""received_for_free"": false, ""written_during_early_access"": false, ""primarily_steam_deck"": false}"
1780863,76561197997891042,"Well worth the price. even when i was at 30%
",1347825210,1347825210,1,0.5,3983,2539,1630415096,"{""recommendationid"": ""1780863"", ""author"": {""steamid"": ""76561197997891042"", ""num_games_owned"": 84, ""num_reviews"": 9, ""playtime_forever"": 3983, ""playtime_last_two_weeks"": 0, ""playtime_at_review"": 2539, ""last_played"": 1630415096}, ""language"": ""english"", ""review"": ""Well worth the price. even when i was at 30%\n"", ""timestamp_created"": 1347825210, ""timestamp_updated"": 1347825210, ""voted_up"": true, ""votes_up"": 0, ""votes_funny"": 0, ""weighted_vote_score"": 0.5, ""comment_count"": 0, ""steam_purchase"": true, ""received_for_free"": false, ""written_during_early_access"": false, ""primarily_steam_deck"": false}"
3794006,76561198027448928,"Absolutely Brilliant Game, definately worth the money purely because it outclasses its predecessor as very few games do to this end in my opinion!

Can not wait for the sequel to this Stellar Game",1347791114,1347791114,1,0.5,7136,2222,1617804283,"{""recommendationid"": ""3794006"", ""author"": {""steamid"": ""76561198027448928"", ""num_games_owned"": 0, ""num_reviews"": 3, ""playtime_forever"": 7136, ""playtime_last_two_weeks"": 0, ""playtime_at_review"": 2222, ""last_played"": 1617804283}, ""language"": ""english"", ""review"": ""Absolutely Brilliant Game, definately worth the money purely because it outclasses its predecessor as very few games do to this end in my opinion!\n\nCan not wait for the sequel to this Stellar Game"", ""timestamp_created"": 1347791114, ""timestamp_updated"": 1347791114, ""voted_up"": true, ""votes_up"": 0, ""votes_funny"": 0, ""weighted_vote_score"": 0.5, ""comment_count"": 0, ""steam_purchase"": false, ""received_for_free"": false, ""written_during_early_access"": false, ""primarily_steam_deck"": false}"
38258,76561197960541733,Best game where you play a man who dresses up like a batman,1347747087,1347747087,1,0.5,1344,681,1718490306,"{""recommendationid"": ""38258"", ""author"": {""steamid"": ""76561197960541733"", ""num_games_owned"": 0, ""num_reviews"": 10, ""playtime_forever"": 1344, ""playtime_last_two_weeks"": 0, ""playtime_at_review"": 681, ""last_played"": 1718490306}, ""language"": ""english"", ""review"": ""Best game where you play a man who dresses up like a batman"", ""timestamp_created"": 1347747087, ""timestamp_updated"": 1347747087, ""voted_up"": true, ""votes_up"": 0, ""votes_funny"": 0, ""weighted_vote_score"": 0.5, ""comment_count"": 0, ""steam_purchase"": true, ""received_for_free"": false, ""written_during_early_access"": false, ""primarily_steam_deck"": false}"
2203467,76561198003969559,ì§€ì ¼.... ì•„ìº„ì´ ì±„ê³ ì‹œë‹¤...,1347730870,1347730870,1,0.478723406791687,1660,1590,1373173104,"{""recommendationid"": ""2203467"", ""author"": {""steamid"": ""76561198003969559"", ""num_games_owned"": 0, ""num_reviews"": 29, ""playtime_forever"": 1660, ""playtime_last_two_weeks"": 0, ""playtime_at_review"": 1590, ""last_played"": 1373173104}, ""language"": ""english"", ""review"": ""ì§€ì ¼.... ì•„ìº„ì´ ì±„ê³ ì‹œë‹¤..."", ""timestamp_created"": 1347730870, ""timestamp_updated"": 1347730870, ""voted_up"": true, ""votes_up"": 0, ""votes_funny"": 0, ""weighted_vote_score"": ""0.478723406791687012"", ""comment_count"": 0, ""steam_purchase"": true, ""received_for_free"": false, ""written_during_early_access"": false, ""primarily_steam_deck"": false}"
2849910,76561198013555941,"TLDR: A+

Spam: Very good looking action/puzzler, running on the fairly commonplace Unreal 3 + Scaleform combination. Combat and general controls are intuitive with a good learning curve, the ability to travel through a combination of grapple and glide, and operation of many BatGadgetsâ„¢ becomes second nature extremely quickly.

Rocksteady have respected and observed much of the various comic and animated series' characters and events, but remain unafraid to plow ahead and do basically whatever they feel like, which is also good. There's a lot of replay value stemming from Campaign and Ranked challenge modes, as well as a metric fuckton of hidden collectibles. As well as the post-completion New Story Plus mode (which is pretty fucking hard), GOTY edition throws in the $40 or so of previously available DLC, leaving you with a lot to play with.

This game is really good.",1347543748,1385417087,1,0.5317725539207458,1142,1059,1404730782,"{""recommendationid"": ""2849910"", ""author"": {""steamid"": ""76561198013555941"", ""num_games_owned"": 0, ""num_reviews"": 6, ""playtime_forever"": 1142, ""playtime_last_two_weeks"": 0, ""playtime_at_review"": 1059, ""last_played"": 1404730782}, ""language"": ""english"", ""review"": ""TLDR: A+\n\nSpam: Very good looking action/puzzler, running on the fairly commonplace Unreal 3 + Scaleform combination. Combat and general controls are intuitive with a good learning curve, the ability to travel through a combination of grapple and glide, and operation of many BatGadgetsâ„¢ becomes second nature extremely quickly.\n\nRocksteady have respected and observed much of the various comic and animated series' characters and events, but remain unafraid to plow ahead and do basically whatever they feel like, which is also good. There's a lot of replay value stemming from Campaign and Ranked challenge modes, as well as a metric fuckton of hidden collectibles. As well as the post-completion New Story Plus mode (which is pretty fucking hard), GOTY edition throws in the $40 or so of previously available DLC, leaving you with a lot to play with.\n\nThis game is really good."", ""timestamp_created"": 1347543748, ""timestamp_updated"": 1385417087, ""voted_up"": true, ""votes_up"": 1, ""votes_funny"": 0, ""weighted_vote_score"": ""0.53177255392074585"", ""comment_count"": 0, ""steam_purchase"": false, ""received_for_free"": false, ""written_during_early_access"": false, ""primarily_steam_deck"": false}"
532878,76561197971693521,"Hands down the best game of the year in 2011. Rocksteady took an already great game (Arkham Asylum) and made it so much better. More gadgets, more villains and an awesome story. Played this felt so much like Christmas.",1347291931,1347291931,1,0.5,1372,192,1436016481,"{""recommendationid"": ""532878"", ""author"": {""steamid"": ""76561197971693521"", ""num_games_owned"": 480, ""num_reviews"": 11, ""playtime_forever"": 1372, ""playtime_last_two_weeks"": 0, ""playtime_at_review"": 192, ""last_played"": 1436016481}, ""language"": ""english"", ""review"": ""Hands down the best game of the year in 2011. Rocksteady took an already great game (Arkham Asylum) and made it so much better. More gadgets, more villains and an awesome story. Played this felt so much like Christmas."", ""timestamp_created"": 1347291931, ""timestamp_updated"": 1347291931, ""voted_up"": true, ""votes_up"": 0, ""votes_funny"": 0, ""weighted_vote_score"": 0.5, ""comment_count"": 0, ""steam_purchase"": false, ""received_for_free"": false, ""written_during_early_access"": false, ""primarily_steam_deck"": false}"
2464058,76561198007742380,Huge Batman fan!  If you liked Arkham Asylam you will LOVE this!,1347146808,1347146808,1,0.5,4180,1585,1651461968,"{""recommendationid"": ""2464058"", ""author"": {""steamid"": ""76561198007742380"", ""num_games_owned"": 372, ""num_reviews"": 43, ""playtime_forever"": 4180, ""playtime_last_two_weeks"": 0, ""playtime_at_review"": 1585, ""last_played"": 1651461968}, ""language"": ""english"", ""review"": ""Huge Batman fan!  If you liked Arkham Asylam you will LOVE this!"", ""timestamp_created"": 1347146808, ""timestamp_updated"": 1347146808, ""voted_up"": true, ""votes_up"": 0, ""votes_funny"": 0, ""weighted_vote_score"": 0.5, ""comment_count"": 0, ""steam_purchase"": true, ""received_for_free"": false, ""written_during_early_access"": false, ""primarily_steam_deck"": false}"
